addressNames,poolholdings
Voting Escrow,905329514.7414219
0x5a52e96bacdabb82fd05763e25335261b270efcb,129000000.00000001
0xf977814e90da44bfa03b6295a0616a897441acec,122609418.25129266
OKEx,55986597.83002665
Curve Vesting Escrow,26545144.188104298
0x88a1493366d48225fc3cefbdae9ebb23e323ade3,25000092.0
0xf89d7b9c864f589bbf53a82105107622b35eaa40,23826147.34781697
0x5dc61282cdcf58a27f7a5c9612aea3d2330964be,20864162.263499998
0x3a5cc8689d1b0cef2c317bc5c0ad6ce88b27d597,19931827.561165575
0x0e33be39b13c576ff48e14392fbf96b02f40cd34,18402434.232293397
0xc06f25517e906b7f9b4dec3c7889503bb00b3370,16768548.70196911
0xa3a7b6f88361f48403514059f1f16c8e78d60eec,15975458.408389842
0x4f87ccb72d318a44aba3ec00e2e449535b67f458,14186547.73293641
0x0639556f03714a74a5feeaf5736a4a64ff70d206,14046885.33205305
0xb73d8dce603155e231aad4381a2f20071ca4d55c,13506881.465877749
0x28c6c06298d514db089934071355e5743bf21d60,13494315.216940684
0x5a08e35bf36620d240afa9aa7216f02d94c12e2a,13469764.981918009
0xd14a1db9b2bfe0ce9cc175c24d6b01a16ab84f42,13410129.384838315
0x92adf1e0f678dc26ed6d2206b56243b596aa9b92,13367202.500491891
0x3f08f17973ab4124c73200135e2b675ab2d263d9,13286339.08806568
0x751403aef81415f0165b2dc9325d5266bd888eaa,11905538.570799828
0xe706f1cd12f64dd6064096e8f15c9a211a08f3c9,11795079.9086758
Curve Vesting Escrow,11327043.943138354
0xe30864a464b12b755c072d8d9a3457e6279d444b,10802825.872870054
0x22af984f13dfb5c80145e3f9ee1050ae5a5fb651,10618843.28551291
0x06581812887f920f9f2dac9184db47b453be8eb7,10334728.028478405
0x40ec5b33f54e0e8a33a975908c5ba1c14e5bbbdf,9972955.683298443
0xf510dc673c5e4a8c274a98c758fe33fc4838be79,9936637.32240849
0xc420c9d507d0e038bd76383aaadcad576ed0073c,9685455.324067827
0x73cd2394dd4a3b957616057a4bafd63a1f870bc7,8624391.657172225
0x442832b2e1f45dce3e0bf73a791d251cd07ba747,8098678.518480676
0xbe286d574b1ea46f54955bd856821f84dfd20b2e,7900765.29385048
0x7b95ec873268a6bfc6427e7a28e396db9d0ebc65,7888777.395663102
0x9b0c45d46d386cedd98873168c36efd0dcba8d46,7749343.266266529
0xafcd96e580138cfa2332c632e66308eacd45c5da,7550001.0
0x774e1ac5acc3d1454921a8c213367df126503391,7479249.094976221
0x02023c35d221eb4a03bc51b0e55a2d7705f6c52c,7403086.880905306
0xb1c33b391c2569b737ec387e731e88589e8ec148,7193401.775311984
0x8cb5416edbce99aa1caf3e16b594f97272e7b500,6855191.047857928
0xdbb53a6ef7afe05b7b009624fd6101333367372f,6563770.576532391
0xcddac15fb6d70ebad5bf69384081542e5e2701d3,6420871.436538182
0xedc6bacdc1e29d7c5fa6f6eca6fdd447b9c487c9,6396000.0
0xafca625321df8d6a068bdd8f1585d489d2acf11b,6056016.537521653
0x7a1cf8ce543f4838c964fb14d403cc6ed0bdbacc,5550001.0
0xf6182a56a66677cc758ae615be2b69ac9a5c3f78,5547000.088708778
0x3cc936b795a188f0e246cbb2d74c5bd190aecf18,5381503.577725856
0x4866365371e0cdf24ca58d5227dd2cda0b3fe4d8,5204687.06964155
0xcffad3200574698b78f32232aa9d63eabd290703,5101907.435388385
0xd6216fc19db775df9774a6e33526131da7d19a2c,5090897.878286777
0x76ec5a0d3632b2133d9f1980903305b62678fbd3,5087957.189802717
0x99c9fc46f92e8a1c0dec1b1747d010903e884be1,4954477.791848474
0x775a23aceb8c8dbb237365df880a388e51686d62,4936421.315389492
0x109aea0ee5b8a6c90051b97483ac45db38f5b30c,4859316.151315163
0x48e2e6412f135aaf28858065520afa52ddfd3777,4742989.923541696
0x783aa67c1f460482442d02710dd1f1909de71f45,4683286.026797711
0x3f6a6f3b1bf064296a5880c0102d2c4e7d383932,4676310.475113296
0x3d8fc1cffaa110f7a7f9f8bc237b73d54c4abf61,4643455.078461763
0xdd4f17ad47941b0dbb9103ee613596e825a4d10e,4623562.549039383
0x71956a1cd5a4233177f7bf9a2d5778851e201934,4550272.917796604
0x5770815b0c2a09a43c9e5aecb7e2f3886075b605,4486625.420431388
0x6ccd4f34c0c7b000de53e66d54619d3d456f0bc1,4419798.408031176
0x4595f79e05cd2cf35d55743af7c79fff56ff0d2f,4407081.112834697
0xf1e533ac274ee39d1f6f7885805c0e825aa5d89c,4400000.0
0xa023f08c70a23abc7edfc5b6b5e171d78dfc947e,4113788.4544112696
0x971add32ea87f10bd192671630be3be8a11b8623,4038245.1517569064
0xd8521f74e45771436bc8960ca63f592d18af801b,4033744.102605117
0x4ebdf703948ddcea3b11f675b4d1fba9d2414a14,3907815.089373981
0x96efdf95cc47fe90e8f63d2f5ef9fb8b180daeb9,3801993.2904501883
0x667413b859ca5df5da0705c48dca7632d44409d5,3712065.24648635
0x73c0b7bc23796513699a5415b9f8f3d295002ce8,3702357.0479104444
0xe3c566fd695fc63cd055c6066a8b737e4a03d546,3691121.3848368996
0xaa0c3f5f7dfd688c6e646f66cd2a6b66acdbe434,3503164.6119721285
0xa5946a2c7a6c4232224b89a696ae51879bf5aed1,3485190.138981
0x2933782b5a8d72f2754103d1489614f29bfa4625,3293361.1783610363
0x94fd231fbae3d66c0e1317350d708ac189c9a5cb,3281017.2353801415
0x8c1ab81d262c90daf5a1e2ebc831f4f9cc8812e5,3259613.35104923
0x436f6186cd323abd8433bf1311389e561356b3b5,3136444.94621982
0xa3f74537f048b893d726c173cb322fd21a28b18a,3050000.0
0xb8e1033b4e49a29746b0ed105c7fe5a917d20d11,2997000.3
0xf35a6bd6e0459a4b53a27862c51a2a7292b383d1,2946830.1900000004
0x29ea0ab02778e4f014e803af697f9204319ca4ae,2864954.9020999996
0x326d9f47ba49bbaac279172634827483af70a601,2829980.3000000003
0x5ee84d30c7ee57f63f71c92247ff31f95e26916b,2821293.9590722597
0x184f50cf09eee1baa1f28090c07f950fc938ed3c,2778429.776428
0x21a31ee1afc51d94c2efccaa2092ad1028285549,2752001.51545562
0x1f9ec974a4fb8c8396ae03f9ee693346a1c7223e,2747102.2826296645
0xb9b13ba314ac71a5a72e6edd84cc78a77d90a818,2710838.341
0x9acbb72cf67103a30333a32cd203459c6a9c3311,2696168.753889368
0xa17de10b843f4d5c38cace3cb1d6afc4063f1e59,2664237.5607679556
0xf1774161b98fcd7030beb72b5c5543351a99e4d1,2500000.0
0xbe3c55d06422a811d2fe47a84984d5168cf7fd63,2497755.567412511
0x42a178633240601d3485e1f51d8b62ea58c9b5ae,2478474.6
0xa9d1e08c7793af67e9d92fe308d5697fb81d3e43,2437206.0766944927
0xeb0c49a2d24701af162582ab50839d8fc742cd4c,2407029.0
0x69abdfe036ce7b6de7ccd69449a09523b26e0500,2348388.02552567
0xf4e6deea1b4da85c2d68db8d771d37ec1148b853,2300025.516393314
0x7b6ab2ca4bb7b456161baa8d395c4dfc94658d90,2234821.30314853
0x18709e89bd403f470088abdacebe86cc60dda12e,2197556.89366373
0xfd5abf66b003881b88567eb9ed9c651f14dc4771,2181410.2698852243
0x94dbf04e273d87e6d9bed68c616f43bf86560c74,2157502.96260875
0x393b1526377db2cbfaf1d67631b78fb7165d2ce9,2148316.3688
0x42811bb42c62dad881fcdb7442365bd7224c0e85,2145246.83516159
0xdfd5293d8e347dfe59e90efd55b2956a1343963d,2132424.75521171
0x593aebee9117eea447279e5973f64c68d8e977a0,2129548.0
0xf72f6fba7d55b00c25f2e5205e6bca9aaa470434,2076413.729179771
0x8bee7340304a051b16cecee05fb8c999db3b65ed,2037580.4579280699
0x52f737774c470e38b4f0109a2c852b129df14302,2000000.0
0x02dd8d88754be283970841c66592d3ae3020fc7f,1972763.86
0x919fa96e88d67499339577fa202345436bcdaf79,1955118.9092357385
0xdbf5e9c5206d0db70a90108bf936da60221dc080,1945958.9403735052
0xc1dea34675c656006cd2ea207a6512b8a14355d6,1903490.3544408346
0x64fb14af9a416b1cb6b3424faae140ad4a646d7d,1754874.7225725036
0x941b4fdb4b1533ab2cc8b90ff0700f658b4aa642,1749251.401088271
0x3dc606ce9cca12196917a3267a8ae7008e018958,1714331.606473487
0x378791a4cc2144521e7c225ae6085753273eb427,1708396.4135954059
0x00654a72132b81e479cc781401495196ffe48df5,1683069.6643577851
0x9a2bb21be1312b3b356fe2772a605e33091d98b9,1681132.49694829
0x5680b3fcbb64fb161adbd347bc92e8ddeda97008,1647073.4555092177
0x600b8a34ec1cfd8b8af78cfc49708419a16ea2e8,1640482.6116873575
0x742d35cc6634c0532925a3b844bc454e4438f44e,1597316.85827
0x0b07f64abc342b68aec57c0936e4b6fd4452967e,1553358.430045473
0xb8e6d31e7b212b2b7250ee9c26c56cebbfbe6b23,1496017.545692897
0xf32c8bfa79249856b32746fdb039616c4701aae2,1473584.3229040136
0x916ed5586bb328e0ec1a428af060dc3d10919d84,1446090.0068601246
0xd994cb48d7c59a26c186b1cd0b1d4939f7ec89f2,1439430.70309077
0x42b2bd449334950b78627a6bd503e2ad46df65cf,1431841.0143509083
0x957ba98acc283c8655f6cf1aa9c7d9da7485f00b,1426593.0679717518
0xa74e8ae2f83d2564af25420ad4d6a7fe224b053f,1401517.5602449
0xafa5406ab265225cbb16c4f233c32f20dec7109f,1389376.264009345
0x4d4be7ad0cf7b050e0b2dd03d0e3d3be9cdb5954,1384566.3381664043
0xf2bd35ac82328b7016fd41fe4e04436f1da25274,1378902.1028413253
0x7e81f90809a9bc31dff1bb0cf984156934f93351,1362328.795053295
0x575f3f504c2d5f00c2170be9a8a30471a6116925,1353191.6003739745
0xab782bc7d4a2b306825de5a7730034f8f63ee1bc,1351796.7557576965
0x961ace7e59bd86d5156ee548efef32ddd01ae5d7,1350822.9418115038
0xfa2827cdb5ef88473d6da611947cd6941eebc318,1348691.1105005972
0xbd8e4542c109207cf0c16f5973f8e004b4b49c69,1348691.1105005972
0x629108cd306feac6a9a692847c59fba6b51f1899,1342636.638672273
0xfdf6d55c3edd75cb39c620c14ec1b7da5831989c,1341337.182186568
0x09b788cfc3c109540425d998b1004f79874e6971,1331945.88062796
0xcf50b810e57ac33b91dcf525c6ddd9881b139332,1287962.2985394122
0x6a1f5d8457c2ea1dc5205166ad2672ac78642943,1253590.978181302
0xd921d809154e33516f4e933aa5f363347b85224e,1250000.0
0x3fe65692bfcd0e6cf84cb1e7d24108e434a7587e,1236573.3693710992
0x9642b23ed1e01df1092b92641051881a322f5d4e,1231038.1132673216
0x1c4b70a3968436b9a0a9cf5205c787eb81bb558c,1220154.3050147947
0x8a7f8cbe7f11887aed5453dd9391ebef6266d9e9,1191078.8708897524
0x5f542a2322fc996f9176262e415a2504382c2cca,1189747.53472503
0x1579b5f6582c7a04f5ffeec683c13008c4b0a520,1184348.4829321024
0x48ec5560bfd59b95859965cce48cc244cfdf6b0c,1183732.9071009876
0xde3a6d1a3c8331082a1bf0874d4d83113e7fdce5,1172474.4530147705
0xb1fb0ba0676a1ffa83882c7f4805408ba232c1fa,1169740.0842836318
0xb990199e2f102f302bcd7c7b0089a14a0b310766,1163080.7819947
0xea91be909d902a02c67ccfd10ac85dd1d968fab4,1157624.5848786032
0x2ddfecd7c1adc03b750dbb365d6f4b1ddfbf0f55,1143424.29108664
0x83f39d14b3b09f18286067bd422b2e45da2eca3b,1126154.6546
0xb5587a54ff7022ac218438720bdcd840a32f0481,1125317.5452255383
0xe3ecd65cf2ad2eba2aa2be1d0894753b2172abd1,1099091.0
0x8f42bc0e6609c48f66ec5951cf1127c7e98fbaae,1092597.48254242
0x4818233d732270645e09135fc6eb5bf67c2fb330,1083189.149543379
0xdf2c270f610dc35d8ffda5b453e74db5471e126b,1068363.9109484865
0xf38741dc6e31de1c413c5d879e40723bb93ca038,1068067.7734649032
0x0529ea5885702715e83923c59746ae8734c553b7,1050811.7729297176
0x0d0707963952f2fba59dd06f2b425ace40b492fe,1048190.2561974424
0x8607a7d180de23645db594d90621d837749408d5,1044882.8867686306
0x962fd10331f38cf4477a1130c237815287a0eb36,1044281.0082195
0x91dca37856240e5e1906222ec79278b16420dc92,1042925.93897713
0x446b86a33e2a438f569b15855189e3da28d027ba,1038015.4240938054
0x34c0bd5877a5ee7099d0f5688d65f4bb9158bde2,1028414.2279377687
0xe74b28c2eae8679e3ccc3a94d5d0de83ccb84705,1019428.3822386196
0xc540ea574ab9ab4165e55e550f89c8fdce0d306c,1000000.0
0x404de972e8138c4982ace8bdd7fc0e755de33afd,980266.591377875
0xafedf06777839d59eed3163cc3e0a5057b514399,964752.3465941692
0x900e69a0102800c050067d4326732f1d415ad7f1,945000.0
0x3154cf16ccdb4c6d922629664174b904d80f2c35,927562.8288022652
0x6c4a993e53258de7096ec1afc1d99f193dbe3ef1,917095.3792799567
0xca0253a98d16e9c1e3614cafda19318ee69772d0,891431.1987009689
0xc9e531e0469d10435c90ded6994b710df7286416,878438.1346999999
0xbc7cdcfba8328c6d8db2a50296a10d142f13843b,864496.06509014
0x3ebfc212ab2cbb16cbfd52e220381a85fd75d665,845805.5671025892
0xc89b84a9bb8f6ac0a8c3a87e7c398039ba0e343e,840880.3924922578
0x364bab4fe7381a1ec3a14f8e748035d45d6e0e6b,839039.3957077229
0x0c501d43206b97fa4300f1b0962742b4f938f70e,838333.0374746965
0xc8d2f48f7646b0002b6b059281af59b9a6af3663,806951.742074259
0x5d7f34372fa8708e09689d400a613eee67f75543,802835.935
0x90196b6ae4e4371a6139fb0a60bd829b7a0391fe,799999.9999999999
0xe4f02accc88a3000f11afec71c04896127a3aeb5,790088.7591766661
0xb23360ccdd9ed1b15d45e5d3824bb409c8d7c460,786000.48254233
0x3ba6690d509f5b8c280eaf2a5338fa6fa7688969,782079.1759245103
0x39d78f11b246ea4a1f68573c3a5b64e83cff2cae,780900.652413469
0x4a58851be1e163ebcef78cd00307aad38f7ce85c,775617.0965
0x77134cbc06cb00b66f4c7e623d5fdbf6777635ec,773527.125436284
0xe7af87c6c6ec02cc7ee98c3adc555e4231dce8f3,759327.9615421868
0x80360221a2324b404be8c9f589eaaf3c97752f9c,756800.0
0xae5f7b8962d2a186eab07085c74bbe6142467f27,750000.0
0x8dae6cb04688c62d939ed9b68d32bc62e49970b1,743557.2953923302
0x62117fbea9456907d73e7bd3557865a83c786df7,723325.7710958903
0x7ad998ede9af56bb895d7df9c8d17c785e86cf91,685333.867275883
0xc095e413dbdfa46be1dbac8e5fd8398e942f02d6,684175.373514
0xcefcd54daf77728cd2b797f9c5d1713932e11240,680135.7286397322
0xdc09c7a2e2eee8d90070a4048a9a11fb6b5e9334,672189.3437278599
0x66f394a4ac97e2743e1688978c823531105a3459,668424.59096
0x2264783b2ae3cadee4e8a76b8e60dc4af1b1f82b,668275.564212652
0x10a9309c40a4dcd792b1a3c76f9fd4ccf3ac33fe,668221.8
0x97ca371d59bbfefdb391aa6dcbdf4455fec361f2,651385.0355906662
0x47f35013f0edde8c054abcbe1f63f646a9230cf6,648980.9741248097
0x9d6023ee79d534c53ed208f7d21837d47e4b68f9,641078.8905339205
0xdc3000447d6bb56be9be2070297544207d56155b,641042.5975890367
0xe66baa0b612003af308d78f066bbdb9a5e00ff6c,630258.5769956928
0xd6e8376a3a257c5d5a6160238e699ec5a089365e,623704.37
0x5890dd967224ebc818f01655568661bef97ebb81,623117.6625
0x50ce8a72954904f9db182e5a7fbb43746df8d023,605460.90254723
0x5a0c3ef827d18bac3ed2fd6aac519aa63fd495be,605283.53
0x3777c930e4dca196e070d39b60c644c8aae02f23,605259.135847125
0x57f4cf13b325ad101cfe9ad3a84d3b2302aa96c8,599378.9157813408
0xf35d30901f85fb97835c0309586a9170342b0b8e,596763.898448573
0x1c727a55ea3c11b0ab7d3a361fe0f3c47ce6de5d,596652.7023636147
0x535a018104bc9c34ebfd48354003f492e733c7f0,594151.7585244611
0xf60c2ea62edbfe808163751dd0d8693dcb30019c,590520.6017889008
0x310d5c8ee1512d5092ee4377061ae82e48973689,590018.9168136847
0x5b97a1cd49754878630524298296abcad2b4cc2d,582523.3960772103
0x5898210880085c4065d6a3c04df3cd6f1dea9bba,582340.19113153
0xb02f39e382c90160eb816de5e0e428ac771d77b5,573062.0176241073
0x99f5acc8ec2da2bc0771c32814eff52b712de1e5,566257.3515086757
0xe2b91d3e7792f99ca782a72705f19db6203c9175,565516.5927099951
0xcc5b1fef95f632c4a25f95ad88bfe12f928d04cb,565126.7317459238
0x57fe0a7edeb7bd106bf20617117376ec4df57511,564062.9349757704
0x88ad09518695c6c3712ac10a214be5109a655671,562580.1348680359
0x772396dd44ce3d347838bfec437cb32f534963f2,561860.0
0x9445bd19767f73dcae6f2de90e6cd31192f62589,561759.8769412667
0xa23cbcdfafd09de2ce793d0a08f51865885be3f5,560133.5057887121
0x17c25af19ec65ca9f16cf71b9bc65ba2cc36cc14,545768.8215847663
0x4fb312915b779b1339388e14b6d079741ca83128,539532.0
0xb8ba36e591facee901ffd3d5d82df491551ad7ef,537962.9530594901
0x3f6524bbab05fd836710fbbf9adc6268e42abd80,528702.8228731687
0x74503b033c60f9d2ceaaec13710c5b4b782d16cb,515650.03158834146
0x9d5c5e364d81dab193b72db9e9be9d8ee669b652,508070.6903365255
0xa693b19d2931d498c5b318df961919bb4aee87a5,507138.59605320997
0x4a2c2f7f38e21ff6e28eee2db3db8d342f3a7b87,503227.636697423
0x3c61f8ae01e8ebe940b1e97f98d775e60d327cfe,501060.71323347
0x9039d8e2772dbb94b974dc7db22af360a8e039b6,500000.0
0xb294e73d96f5aa9614bb0fb810cf6aef07aae6ca,500000.0
0x9723becf4be8314da27355656f29779f599fcaf5,500000.0
0x95d708dbe851c145ec144dd0225eee79cb60eb8f,500000.0
0xd5d5df9197096c4de97c46d8a7ee129010ef59bc,493423.53416472
0xb76b2f25ec710db574cc4d20d7ef67d7b407406e,489956.99195209437
0x2407b9b9662d970ece2224a0403d3b15c7e4d1fe,482913.28375
0x84119e837dbef0f4fb877681687a2869b220533b,482311.6888832204
0x6755a91bf2f0f5cd711b97c433b737a0d8b4f069,479232.94100017
0x0c2da920e577960f39991030cfbdd4cf0a0cfebd,477304.29778072383
0xe020b97494ee49629e3c3ab8249729f7788832b6,472601.81101103
0x4ce2a6bc3c5279fab8a3db8a81891f03f7ea776c,470805.1187422466
0xd7e228b7eb0c727706d5955c4c518cb10a3e7a19,466928.76528664
0x5109ebf8da80411187f861592c0af48b95376dc9,466546.97763000004
0x92ea7496eba5f001d620005f88f3e8e686e3d4ea,463146.89
0x6591d4e5f85cd8417235bac57973ab4ba324daae,463011.56039304996
0x0808ca80e4842defb02fd8f8958f87249e3bc9f8,462251.6875
0xfe844ddd675e1a3865070cbc10b3a331b82e2eb1,446803.0133964327
0x3835a58ca93cdb5f912519ad366826ac9a752510,446286.61869387963
0xbf1f08d8baf0ddb2ee8e7436757b9f8d1c7b73d8,443259.2664110306
0x5f65f7b609678448494de4c87521cdf6cef1e932,442687.9176344952
0xcc3908a73ad205f75e84244adf846c82dc5c6b5d,442026.20572445
0x406c6d9e9c31e6e36bb92f05db5231eee8d01ff0,440000.0
0x8a83716acd66d9e1fb18c9b79540b72e04f80ac0,438390.0381082463
0xc3dcd744db3f114f0edf03682b807b78a227bf74,433487.5347223201
0x5a2b38fc594b534b961167946a099cbb4de1db75,432910.41189880046
0x766d5acdbf819dd67dd4afe60d5a2d691484f778,428644.69236442755
0x5e583b6a1686f7bc09a6bba66e852a7c80d36f00,417865.51857395883
0xa2aa047ae84388e17b872bc7f385294a4298edca,413867.5533297884
0x100ae042ef0ea159ecc3513e9a378ff21f3829ba,409089.60358807
0x8b7a3b1ce318591ba6460024ce54b643055a4f48,400082.7
0xf1f87c9d812b4bb37752bbc39eaa6aff3e225fd7,400000.52542894677
0xf639d88a89384a4d97f2ba9159567ddb3890ea07,399999.99999999994
0xb1baf9eb336f6795f3373be04b0a90215e08346d,396193.97389553045
0x9759cb9e1865ebc76ca3e3b6c6eb5e063f18ea75,392029.46170287
0xe4fe4666939dc2eb39867c7e2348d90593b37bce,390575.76876849344
0x58edf78281334335effa23101bbe3371b6a36a51,389138.333610477
0x3a374ec53efd5406d35674a8337eb00a0b17c5c5,385209.91762860777
0x6a37b41b990d2c5fcafe798c4815e1852597bc0b,381171.47847833805
0xaaaff093bbda998bfd1026689affe711f5eeaabc,379104.6
0xfc1946a6c6db37d4dfff2a32862ff83377253870,360014.0
0x0b91e0c63621327d78ea7dd455716199421b4101,356682.23665113567
0x8c2bfa3621f9774cf7c8713128000ecdeac30447,351140.37531479
0x367c42a6f261ec54ffbecf5f41c226be12a3dca0,350000.0
0x0b0f7ebf967146566799229394171fc47f1a765a,346812.42926515575
0xf2be647c432e90b0e1111b279f69e77d2548eee6,344133.1815841794
0x9bdb521a97e95177bf252c253e256a60c3e14447,343162.3282362807
0x51c72848c68a965f66fa7a88855f9f7784502a7f,341698.88944763714
0x314f65a96fc8a8c46a4a82a7f2da265db64f0baa,341688.87015803
0xb05262d4aaaa38d0af4aab244d446ebdb5afd4a7,341313.33465833083
0xe14e174f4a9372b3b2b113e7c96386b791822e6c,341060.3097586865
0x19184ab45c40c2920b0e0e31413b9434abd243ed,339955.41
0x7376b927836243f21b327164055891eb4290f213,330600.3155433711
0xe5f392062aa17539b946d96694422c4dae77cf07,330126.17103622656
0x8782163068c7cd74d2510768a61135c1e4eb07b3,329990.25255025004
0xc4605de4373245a628a84866771b66c895eefaae,328397.95811158395
0x4ee98b27eef58844e460922ec9da7c05d32f284a,328202.76768251695
0x5fd58d54618a31cac1052a5cf73e8bbc9b4eec17,325258.260628754
0x8d78908eeb5c912c3847e183a2de0127cb5fc595,323860.6317715363
0xb01bab994b52a37a231551f00a1b7cacd43bc8c9,322539.9693007893
0x4540f4a2a49a2c2e1040c94527d4d16028940234,320570.384959
0x5db2d2a055466e0c5d4cf09869cf2e2cfc47b157,319677.90988017595
0x5240b03be5bc101a0082074666dd89ad883e1f9d,317512.52506095014
0x449952a5f40fddfd4da984d092ed422bf3ba5839,316095.20717025
0x6697e711b7f7440720d1c4fac253262f0a1ce8da,315561.2366
0x244b5375b3c4fda04c70c7aca5093ae17fd8dddf,313185.5865813989
0xa2482aa1376beccba98b17578b17ece82e6d9e86,313000.0
0xce3e42a9fadd0b534349332b2068a5b6bcf1d580,309566.95168713003
0x409f91021cc46b8bfe66213e96631d834f18e088,308919.53102117917
0x7292586fd198c8a2fb92652457224965b10cfd2d,308767.32168285706
0x5a31b599aa167ea34f80440dd211eef44071b412,308530.82699825004
0x8d7e07b1a346ac29e922ac01fa34cb2029f536b9,306565.598907085
0x85257f61bcf59f7498007d8e08d6efb7ac1eef4c,301156.6528339565
0x99dbc5605771432036558344a96b5b2f29656012,300000.903
0x86645b39f985ddbddcfbb47194ed4f53d18c6491,299000.0
0x63ba0d945e503179dbc8f4c63570ea14ab686728,299000.0
0x09d38f1f43a5728e020c652c0bbb53deb7a96259,299000.0
0xd292b72e5c787f9f7e092ab7802addf76930981f,298186.2394207564
0x4ed6cf63bd9c009d247ee51224fc1c7041f517f1,297478.819065
0x7a759a170c3aea65b3b373299d33bf5221785c48,297229.78363821283
0xd9e2481fc43525d2606ea318870bf88df2563240,293961.8713364937
0xe2599ea5cc20370f220b822aa4dda7d8dc7e31fc,290223.83521
0x76cc60582cd6c3ed4e8a163df55aad9937454087,289812.9778952442
0xde2faca4bbc0aca08ff04d387c39b6f6325bf82a,288357.04410000227
0x4659d5ff63a1e1edd6d5dd9cc315e063c95947d0,286919.0030702776
0x3e00c836ad96a845a20ca05e1e56d7a8ad5adbf7,286819.98425807
0x4a7095c3ff70cb309c17f3c1203c5c095927b795,286363.28573731
0x90a7eb75418b9588f0103b7356f88f666d4c88a1,285444.6655422743
0xb10196d4976bbf653dfd5da01b475cc8f5fb59e0,282700.4511636782
0x9d11fd27af6b20052ac230636e50f3441f7f6df7,273678.58172306
0x274d9e726844ab52e351e8f1272e7fc3f58b7e5f,272860.08857300045
0xc2430f590e48f09fba1b64e50a5c184fcfebf14d,271382.02470174996
0xca5e26b0e5c91725a9b4e95006c47cc0ec30c511,265519.19912125
0x1e02702e1d91ca4623b4dfccc2a2c0b66fec0673,265445.14300711156
0xfb9492bac9ea3ef8662962d1a099b4a10ac6d6d1,264901.01328127
0x296d6f2e6471a0ec0d8911ad1165690967ce7b43,263050.72084436
0x21a1bfeca587c85c006f378aba68ace1a560d90c,262424.2247396915
0x44f096d825b1300870c43c204d6e544b6812d2c0,262140.40820609
0x5308c6d2581f6f33fe01e557d35d2bf3756f1e64,261965.71224999998
0x35f9dcce0585ee667948617c08865b1d8068ac97,261500.04314492
0xb34fde7942019c254dfa5bd25a40cba03cc7c1bd,259520.00000000003
0xb742da24d6d5803b6c5e4f5bf0ff2c0ef1e94f55,258428.8219202112
0x0f39fea120adf240b8ed460d4a47acdcd78e10b9,256706.19925083307
0x63504639e365763836e9b135916de3d08304fbeb,253470.96606289904
0x8de6c268717fa797ce0489bf76cce982a3db30b1,253469.2566
0x92f17e8d81a944691c10e753af1b1baae1a2cd0d,250477.66148138966
0x0c59db66b5d4d3ffdafaf10cce16dadc8f7a1027,250316.98404826998
0x30bc83e68a89443ad2805f0fbe34b6993bb2888e,249995.06133
0x442cfb5dcb07e1ec92ece8344bf701a3206308d9,248504.01
0xdd78c5f0886ef4b32f4f53d44d0574ded031a6b6,248379.201875089
0x1e5c797a569276bda2ee21750186000e01d2bb5b,245618.5000335987
0x923d2f38fd86bc66478b990168b8e0d4d64d1fc8,245405.8610325477
0xf8fa0b3899de5b4b3cb0cff65b528acdd2d163f3,244773.48550537718
0x3f4e97042206d50ac2d4d0db1b8af092239e2cce,244067.60683607892
0x18e226459ccf0eec276514a4fd3b226d8961e4d1,241714.79786410002
0x900bb0394f4e5fa723d2d4c4ca2702214a5368bf,240092.85401879626
0x747e0f15103eee76ac1cadf13a5bd44f41e54b94,239634.754109211
0x564b226797b8ef4aacaaa4577ea70408b86def64,239409.62127195677
0xb92191cc0db824f724b9f676825764260de4de40,238867.59305698
0x118177a63c5878d5a811b6d7dce23112d39a8bc1,238826.0978
0x7db5e9973bcc03ec618fcfbad6844d4d86c6f575,238197.15332067397
0x71ae848458feda90da829b70875343552dc821a0,237912.25913520542
0x897bdbcefb51457b2051079105b2d729bbfbb7fc,236980.28565515
0x2dbcbdb6ed8df05ddc859bd9e06a53e93e1c9561,235574.62997356674
0xc82133f48b430f70b678caf641fd96670dd867ee,235400.79337452957
0x1a2ed985a0318b2b9a6e17168f9ca03c048ac35a,234999.99999999997
0xa7986ba24901bf839458e6d7d97a6538ae6254f5,234102.7110864142
0x9bed487e19f27b7b340a94b7bcfcdbc3d1971f71,234030.193
0x44d8fab7cd8b7877d5f79974c2f501af6e65abba,232604.25016059913
0x5d8f42503ea6e7807daf04047aa749e43847be09,232594.205
0x7ab547eeb169a227f8bf66696c28ac687e2a7e37,231330.96121334002
0xcdfd5e8956861ae7a9105b24d1d17d5bdd8ffa6f,231108.15356738114
0x478271c960137418c9d90082dddbf68aa72e4367,228893.96
0x0a778a9e90a8a262e143713bd0487633859571c6,228664.97488999998
0x27af1d3265874294f8e4a735f1d24906a2b94144,226321.6564417639
0xc31a0b6bd444623a09256e82141f7d04b0c14c51,225114.88439999998
0xaa24567ddcf78386bf65fd4db44a77a9c0ec44cf,225100.13999999998
0x4806a580fea1859a56db79106b7a0f0adbc326b5,224809.42044349998
0x3da1313ae46132a397d90d95b1424a9a7e3e0fce,224489.87315444363
0x94e54e7dac92f96631d15c6119d329dbb778b764,224224.93741305152
0x85dcd76d4fbd3aa0c85c27b9441222c19a14134b,223172.2
0x691271df38d390def7919183adf35919d4794bdb,220926.0599493385
0xd2e92ae5e6565c8633ef26ae5db2771cefc9e66c,220874.30144947016
0x90b7829e64ccb8266e153bfc2166c3d85d11dcea,219318.9338
0xb76bf854ef3a9105a2ffe204608d06c7a5259604,218608.9821192726
0xccf3f02569084081870e0ad13c7e6b96841227f2,218559.34230156
0x1ef12b0626e2ea78bec7b0cc1ebe1846767a5cfa,216697.87402738462
0x6c1950eb45f0f8b2049e0a961976694c73a28212,215000.0
0xb089c7d40185e19e9e2ef86a61374fe934d16528,214844.86126163
0x6699f8d433d3de3700fd97fa20f1ac5ca13c3a0a,214742.05695
0xedcfbf2dc572582fe2fe9056968aa7f040d21643,214101.5946
0x58dc5a51fe44589beb22e8ce67720b5bc5378009,212121.94362070196
0x521aa1ba5819f24aeb9b968319788cd7c3325719,210775.75022999998
0x8832924854e3cedb0a6abf372e6ccff9f7654332,210048.16917618038
0x1908a3232eed9186b4a5b666075711d2db0200e5,209815.68000000002
0x4e11198f9605cce62af2bd7597fae88df0bcb333,209593.50554674657
0x3696f44f2b7fe51486f81d2639ff895202614711,207285.2247498085
0x80d0d54050c15971b21e877d95441800f5aa9ee8,205574.1432365151
0xb8caf299f347c1acebe9203fe760bf8f832fb83f,201922.27920000002
0x1cd9ecd53328d098b522a71e4e1719d4fcb6a2ca,201051.56696633
0xfdefe9b8ee3deef4c2875db4ce812605f2f0153a,201049.3
0x4b206d9bfaf1a2175a06c95574ea7d42dcda4e78,201000.86948544392
0xeff6cb8b614999d130e537751ee99724d01aa167,200813.91814924777
0x76a74a1bc386a91e5c4e78f66ddfce660b2c0e6b,200311.28430399895
0x4d7789433429509c19bac88aed5dc597c57a1953,200031.51752922786
0x5f5da9e71ee14c46d3f828ebe875f77a75539812,200008.7260897943
0x4c1824781c5ccbcebd140e2d96e83b9ea975f502,200000.60397582
0x610097be440e29f1017c0f5f3409f6286bb5a46f,199594.1925611
0x4cc7a9a050a90b73ef1122a4fa665a9dd11683a8,196500.12986999998
0x78b291e9b3d1bfb63d62b9510b2fa76244414e69,194017.09673048998
0xf9511742c98ddf6432f4825fee8928c045a124de,193615.97269999998
0xa594d3953fda05f7c89b3727275532fe2fa97ee8,193366.23247711
0xf6d4e5a7c5215f91f59a95065190cca24bf64554,193302.11047376
0x5fff4f17867489a507d36f8e22b47e559329c826,192106.33042234
0x9447c1413da928af354a114954bfc9e6114c5646,191763.25449584023
0xcfdd7568504e341f805b8acf43e720fb364efed1,191468.5832484582
0x3ec96a9518d995c10bdaed5b68dbaa7ed0dbe9f3,189760.58693379653
0xaff1ab701a2aadbf6dfa9789bd7ed1e31d640597,189685.29041939887
0x167a9333bf582556f35bd4d16a7e80e191aa6476,187781.7353002182
0xaafe9f9edbb7b5470d4ac0c1f56a6ad6b0de24d5,187778.78326357403
0x6934eaa64e1aeae3ac2a547d088c101b4b91a731,186779.3175769759
0x9a64b37e2b833335b27401bf368ba3f8edc7711b,186229.20231504
0xc2772774d35ad8fae299cb03d9d93f21c6208155,186078.6333779
0xe7dcbd2244ae16e26bb33e8e2966575e21d9f113,186000.16066
0xb03e8ef714193f371538ce9b1f782170b6c8e48e,185775.46251999997
0x402759929a389be0b3bfed6369f372d519e4af8e,183244.1667130614
0x139cfd93dbaf2682b2ceae7aef2465470cfb9ee3,182573.29492143
0xf36bf6b724b52401163785ac6180f0c88ff99a97,182336.744481
0xaef6ea60f6443bad046e825c1d2b0c0b5ebc1f16,182185.0992094732
0x085a2054c51ea5c91dbf7f90d65e728c0f2a270f,181990.97003998744
0x1650d971e5d1ab285ae6a5cb9889717ca468eb34,181581.31
0x9d0464996170c6b9e75eed71c68b99ddedf279e8,181453.01848606975
0x8ec5a76baf940c825b211dace7bceac2db4c5c9e,181421.80408243998
0xccf96c47bc3c50bf37c222fea40a20a578bf435e,181173.94999999998
0x0e4c3dc2b13ef1b9b79d940cd64cc6c54a4c7b43,181001.9013
0x5fbeaf978a7f2e0389bd6162e6d695a9cbb5896f,181000.00000000003
0xb5a46bc8b76fd2825aeb43db9c9e89e89158ecde,180827.95082571
0x0392321e86f42c2f94fbb0c6853052487db521f0,180482.70445046213
0x9ab57f9041f31511564df2d490de58f1a2cd460b,178724.3324202472
0xa4bce756033c95042c5778c565d322d55c3165ee,177802.00808715494
0xd1ddb0a0815fd28932fbb194c84003683af8a824,177060.52649881813
0xcda62e21dc4fb6ada0811c255aa83c6a5d6a20cd,173201.89227661586
0x0363bfc09b48616190d15ddee5987ae2d05da6f4,172811.42369036734
0xb4309cb2041025a404d6179831c08b73be74ee7b,170921.76499999998
0xae7122b6eea64379c83768713b31041e26f822fc,170883.80254516
0xc1c88785e9b5c9c85b3f6c99255c3bef9e3b14a7,170324.30503406003
0x1f23ff68d48682bbbba3a550fbfe9e2a82da8ce1,170240.4468903719
0x6c32679c3f6e33d7329dce0d42b2fa0190d0dff2,169683.7820549
0x70f5e6d6280e246555cba1e42a039e312a3435a3,167738.92052828943
0x5958a8db7dfe0cc49382209069b00f54e17929c2,165768.06194725895
0x2291f52bddc937b5b840d15e551e1da8c80c2b3c,164778.11194746624
0x6d4beb94f60ec025e64a375a7df00980afc34bde,164615.69999999998
0xdd0810594213c2bbc244c1865d874d032194d0e0,164545.72290532
0xa7069166b9c457fc3a42280b86682931737cd7c7,164477.18306444
0x081fbe6e5c6e819748bc8f9ac8cc75b220efbdc2,164065.22971999997
0x36a26a0cd97c1f0c05f89a945a4fde58affbaa61,163570.65060714423
0x5dc62cea20b0e7c3607adcc61a885ff9369dbc60,163128.77291714365
0x1f62af7b6cf1d1d5af28c7c4d4cfe524334ee42b,162872.3035
0x72fa7d834055c39a080b1782a778d8403703d838,162622.5404989064
0xab17d004fb55fc1d0c899af41ab34b6ab84aa7a9,160434.276
0x43943c43426d1c709a311af2bd13fcd7eff85ccb,160146.4634176394
0x1bdc29722ee8101dbb2b20600e297da74fa93a6a,159915.59657802997
0x4d2771a5504169a51a5d66989e9dfe368376fdce,159134.47975333
0xac2f57d759b4e378aaaa457c4f7ec3e8b4713746,157261.95001332002
0x17ad4e76e67e9937a2b2ef882e4042dd00cc60f7,155522.04668849678
0x6262998ced04146fa42253a5c0af90ca02dfd2a3,155336.17140616954
0x24a2c5be07d9f140bf39730897be85da517c9ad6,154249.31610064
0xbc64bde4c3b70147c47c16dd9277a6aaef7e0f02,153456.08000000002
0xf0bc8fddb1f358cef470d63f96ae65b1d7914953,153254.46935154058
0x5558d84d090cd6a6b16834d0814e67d620ed8366,153098.21451497
0x56790e4a08ed17aa3b7b4b1b23a6a84d731fd77e,151714.8234216986
0x1a4f25f0afaa48b9fd2a0ff1f0d31028c1b7f7ce,150213.63158411998
0xceae7673553c90d0a3cd1a494da35ede63910cbf,150000.0
0x706883fdbf7d11de4f8eaf6d6b30b020ac4047f7,150000.0
0x6c5830f8d38d9f477054abbd439f0d0c7d365511,149983.6848
0x60ad4af9ab29dd715f3f5135937790d88368be1e,149447.536
0x8f0e7db4c95d1d2b933a1041fd376b9d312588b6,149419.52732999998
0x1265a6d4a7a6239af609c7e00e61ef8b4b393935,149279.60127382
0xaa57a289bb22a1a0c583db306f6566ae2c0caf21,147985.68887503378
0xf6f26015f0760f7a4b7f93e765bc48883daf79a5,145928.88878862778
0xd6ec022ec5a8c7e4ad24145b45d085d337cb2f6e,144693.20631705486
0xa0e3e44dc27cc575c2551af600056e50cbe01b11,144240.0340286205
0xafb53315e65db1372658752134b04fe84dcb9d15,143978.0
0x543f029121397b33cd56b015f91cdac989491b99,143692.88042659956
0x4d5fa1839aed8dce51c5fe3bc23f4fc08e02702e,143030.45861253387
0x7acb38d5300d31c9ceafd252c374538cf2578bfe,142842.5621224663
0x3e7afc7b01a3eb5f277e688ea8631a52b377fcc9,142741.26993338083
0xf7fc29a7478efda17a4087a0294ff5f86ea87de7,142044.00658009
0x2db0ce822e9d281b65cf6c4c01a288aad4eed7e0,141908.9966
0x98adef6f2ac8572ec48965509d69a8dd5e8bba9d,141905.140658
0xbec9c6ec58a532cd8aca0af9ce28bf814651b917,141601.05961721134
0xa9812ed1077938e88577be7a8eaf097b5337ff5b,141408.52139114297
0xd32e72cbdc3d4164d5f51d6fc05ebddaf5a0c5b6,141062.40091575
0x3fc0d173e8b2af7ae8c2c9ac760587336272cba1,141018.1573
0xed211ec6f81f3516ef6c5dfac6cf09cd33a6dff3,140250.01611275208
0x4d24eececb86041f47bca41265319e9f06ae2fcb,140000.26160256
0x0b4f48cfad3b87e4743f2744ac11c06764f7c760,139378.48151525162
0xadd410697c1f890b694a67468e244413a1dee189,139068.0
0x7e91a3243b568a9b93633bc524f1c7b34a2fdd50,138601.42736810527
0xf956a46dba1a0a567168db8655bc18e9050c7738,138579.3797681778
0xb3305df054c5faf8b076ef6c2907194e69ca7b97,138209.4100802
0x293f522e26a3036325e64169f3a90c489ab98484,137850.9644611
0xde48aed2d9cba1120f2de90008c3b410c8ec5ee1,136734.83587007326
0x1c117a3f371be6371a2b501b1709c1ff1c962c0d,136258.01726676
0x2826a8a583aeb04b3b41184b2f869790c04af311,134893.694958563
0x5bcc2ba2ea7be2bae6384ba7f06218ec7984700e,134368.6178
0xe791d06f9e1b31ab8cae0397b9d56b5e4d89f684,133825.69045161677
0xb7d6b9535a272553a47099e66f001c06d5d17837,133258.57064875858
0xaaf4627b6dc62b2d8560a604392dbb4b92c34733,132998.7010466
0x6207baeba4a6b5dcedfa2007620b9a84a0b2fbfb,132544.28595921208
0xf121b1b69594f32b03a83eb52e8feadef97ecc93,132143.29286275094
0x5995867bd0b9f3e7ad2fbcfe73c82962c57fffcf,132137.992948
0x5edf8f2263241a8d2023d29d70ebf452505b5b62,132001.0
0xa00e2a7652248abeb209398227dae413e9479e52,131868.22590184
0x576f8c06da7a16fe9eccd50245485ed5c2bd0372,131819.47964231356
0xbe1c919ca137299715e9c929bc7126af14f76091,131624.02085620462
0xf623f46d4e35a33aa4f851e8018dfbfda54cb44e,131597.0
0x534d13bb58c948355e0e0863a26b0bcc08303dd7,131195.8605621538
0x3f8901515a980d8a84647257fbe8eb68e430b357,130910.05742000001
0x28766020a5a8d3325863bf533459130ddb0c3657,130577.84344120228
0xe19eeef2431194a9e6d1822ecb5bea42cb5a8a9f,130210.49138495637
0x1b82850e491e6176170b32ec3f29af48eb2fe372,130103.9564854327
0x24b65dc1cf053a8d96872c323d29e86ec43eb33a,129714.24260061183
0x093e2b3e926747eb1e0830c39eff2ac905ab710a,129166.89899328315
0x4dc599a57c6e57de41dc1eac6e5e0c2180cffa96,129009.05503485876
0x444804e050961823d66c60cad8ce7c8bf80ee7c2,128888.77033466942
0xa69babef1ca67a37ffaf7a485dfff3382056e78c,128454.41858421758
0x6fa9720ff6c36d2810edde291882720b4c8fa8c5,128337.93012591549
0x8494aadabcbccb56aeea457ee63d47d9ddf2b050,127909.00850752216
0xc47ac2ad9b192e62e6107763e9ccca4f56d2363b,127236.05307843
0x4a70efd32dcabdfb6410a685b751df706fe34d17,127005.94748411368
0x541a21cf410cbaffb2c3cec20ecdaf40426f5016,126562.80135656243
0xbda27f6fd8a49fadffdd39d14564945f841f7ea9,126538.05910202848
0x1e7ec443262fab908c390ca44b7ed53345a29918,126371.26575113351
0x5e185836f4c27c1be26702ed973f955bfe7814f1,125976.82453920001
0xb29cd9c87a624b940335d6d5e1d4aadf7d95beec,125720.57165278407
0x6fe6eaf7a3635d4794cd0ca300e22e0005f2e9b2,125389.46612746292
0x8a422bc21b4a40d53032d22a882797fd36c95a58,125043.26281515232
0x24eb3a39856723138796c5068a17ba4fb15cd25e,124030.86673002668
0xac8f44ceca92b2a4b30360e5bd3043850a0ffcbe,123565.7064141796
0x2345d071e6844095b5d38bf758a1d2e70f8bdbee,121819.92620684317
0x9f987631a0acf112c15ed7102f78b7606a972505,121632.36774
0x7e880867363a7e321f5d260cade2b0bb2f717b02,121429.4392071896
0x204bcca1927f3375e535dc37eddada561c96e827,121192.8091
0x72aa5fcccf0fbc5d7111ebef5f460bbf899dacf5,120893.4863995872
0x4c76308cedbd34057ef95eb6d1652f6b1ed4a201,120855.77194402994
0xd561e5effbb518dc6eb67dfc0783a84ddae28562,120002.3286
0xf090d5e720551d8f6bf75165492f277a12e0397c,120000.00000000004
0x57c2a615b268e8db97d17d6068a96f95f40176aa,120000.0
0x5502dc8e3596d4e43a695067103ee38cc726aab5,120000.0
0xe5ae5aac9a19ec43abdd161e95640a1cc12ae348,120000.0
0x5ffcef2e952209df9dae388b0621992b16cd1f3c,118531.93072364415
0x2e8464009b6a77b604b15ef68062f7f2cd6c1f66,117811.34097643
0xfcf9a1cd7b570067428630f6989bd60432ff5960,117651.34
0xbf4173060a101868b047694c5e7d31297abeffba,117393.14410266
0x070fefdecd285e10d3cd09010ee955225f0c0905,117164.76491145563
0x0406980749c12f1f75357c1e75837618b0dba26a,116341.78668889
0xe487a866b0f6b1b663b4566ff7e998af6116fba9,115944.167337752
0x1d5ac067437c19dd48cd3ec7cdb73cb16ecc4e9f,115869.78499222471
0xc5b0c2ab6e46caab9c01d02f1b486f0681bfc861,115793.93103381111
0xe032c082855a8bd2a63036ce9e48e164ef6bbf1c,115716.73917868709
0x6fd902b93f708297434ee9bcbdf1ca53b55288f2,115557.04930707421
0x7687225983e8af469d53c16680150641005c2d85,115514.079
0xdb6b6b7637dfa35e34ad57d0ce86a934fbc074b1,115441.46651326996
0x2668750422d0cd6c7aa94162ee3d28b5d40b1fcb,115030.88026702632
0xf982978d4492246866cfd4b269b1dfe543cc23f3,114681.80582291
0x9f2f1e3dedeea341c479d3bd5d5775de4448d8bb,114486.79654041164
0x23f4569002a5a07f0ecf688142eeb6bcd883eef8,113849.7724369484
0x71c0a38dbf006e9ed57dae836c30b8e1e5f642f0,113527.352297593
0x2fa4ddef6483bcdb1b6cc0b2e5dce3f29923ca51,113226.51121968495
0x2acf35c9a3f4c5c3f4c78ef5fb64c3ee82f07c45,112592.09576594821
0x16f554f8cf8121c39bc3ca9188ea9e757e7eebbf,112175.87948623956
0x9bd25e549ea9568569b132c1dc308ef3aeadc297,112101.36295438258
0xde86ea8867e63a4133e255a3e2ff912dfea6d658,111721.14264865493
0x71e47a4429d35827e0312aa13162197c23287546,110766.89470169829
0x745f8f732eb599ad82502ba89878f2e49e85dc02,110721.8413
0x124d3b272d5de230d94bed9172a9b2335477c2e4,110616.20405054999
0x4a8b9e2c2940fdd39aceb384654dc59acb58c337,110556.84878995088
0x39ed671ab729138e72ad218f493295078990021c,110493.66342728
0x83175ec97c466a57a3fbc2a0a36cdc2db63f896c,109663.008
0x2c10c0cf30e2e65b376056eedb6a5cb74dea72d9,109594.38617862157
0x4ff0a92299772e3ae66d0a5d28d786aa59baeb92,109556.30012354
0xc865d960170f64cc340ba2655f2131f390ec09d5,109289.8481
0x4fe1f04dc18f153bfcf2128cc6fdda5c8d5e0c0c,109200.34784933999
0x7054c2dcbdb54cd2a3d59363cd54331c99fb4b23,108628.91020428037
0xc31c7b589dfc3c3bac115b51bab6e56a7a765c73,108115.09648034822
0x96e795de24fe209a4848a25084968391cc203a59,107745.99850423477
0x766435c78d02aa78de223ba464a13e333500bf0b,107481.52897914512
0x50e11ee6ecd5dc8f5cbd06951fca04c536e8fb24,107477.2728926
0x0c7b743399007b020c0f3e688bed9fd476092dd7,107475.24729822
0x378ba9b73309be80bf4c2c027aad799766a7ed5a,107172.47972361116
0xda03e73fca2334dfd8c7c223169fab4a7d186be0,107140.01368110644
0x63dfe4e34a3bfc00eb0220786238a7c6cef8ffc4,106850.68090595353
0xbb289bc97591f70d8216462df40ed713011b968a,106655.17036269777
0xd39b2a305a009b124f27497881626035491d7d5e,106510.14774899062
0xeaee356fd8cd1d36cfe73cdd3d7d581bca708074,106376.65773039502
0x3112afc6cb984ec88e3edbdfbc32727a15f8a592,106128.59285531408
0x3ab9dc749e4490004419759427f8d5521ce30e60,105514.33609214239
0x2e11092afafce07f68a2579b76139233b1ba6caf,105395.3165988804
0xde748ca4a5214772ad640083f4fcf81601c8db62,105186.20808535
0x1d86eefced770d512e3238cdc5e510f8f4fcd8b4,105138.0238875
0x99cef373e0bd092d06d5ccc15e06c0325942ebb7,104876.69069652999
0x4c1d38ea92b25c3bf255a177ad9e5e5557010b04,104438.89
0xa52395f3b42ec41a97af9cc6bf734c19db5b29f6,104412.92046418364
0xeb8c623a5555c363a9df2862470055a801b7cf65,104112.38302000001
0xeabc239670bfd3e14e4a3994eb2041e034492b32,103992.0311682889
0x4b7f3f3cc2258a65feb2d8060097aea937bbaf80,103715.30554494985
0x71ff5ee8ee0729a3fcb5000039be4bcf085eef87,103662.54887627
0x399b170484720d90f38f2a69f6c2d57e2672926e,103400.0
0x4525f7d64a4d69304a5a8a1f9345fc44de308b8f,103397.74669999999
0x312d6f16b3839196f9531fcb77261776eaf46e43,103375.34469227
0xc400555c7ae232f06d244d9fd38a8aadff5756c2,103329.96947818939
0x7f22646e85da79953ac09e9b45ee1b3be3a42abc,103270.9009800607
0xa6a12783e9d3d4efdd104376c8afeec6d19d6e7d,103020.58116595753
0xb9c6450f13dacc909739fb1ab56c210c2747b0bc,102983.91872454
0x20846d22ad6f41aee887a706db8794cde4fcceaf,102472.59785974579
0x2d018f3602c1185766bc725e3390caab6f44ae5b,102386.14016173937
0x9afa740f0072e4f453383af9405589a255066739,102328.63569377
0xbfa230b16c4f9ca2b3bd0093a5ffbaae868f97f1,102265.72594094
0xb8001c3ec9aa1985f6c747e25c28324e4a361ec1,102027.47278026224
0x71cce245655017ee94194795377bc4d3994cf53b,102019.90076176517
0xc6af2a35ac5901f6eb0afa81e590286413504556,101997.9
0x4ed3204f871093e93aaa861abe83f61076015861,101646.21451821999
0x8f4f86e75a40426fe9c11c76b402f9986b597cd0,101513.48201610685
0xc7a9fb7d697cd509b1c228d0d2767150d21d4e0d,101506.13078393665
0x5c7c6d069ba232718f37c27a9549b547c359e31c,101448.81856352364
0x0f48a73e6c30b7df9873e51acff73d44160f84ff,101420.75499999999
0x0f6dcac323db9d35b2ba60672d83874d0846b850,101411.44273649355
0x67053e9d7584974282801e76b0594ecafae11f84,101140.43
0x41bfbb406e6b078b74ab561dadbad09b6d98950d,101010.0
0x2f374d4cb2d5aa194c8279d6607d5ebd59493c3a,100965.85746668365
0x9a3f538c3f036bf456d44cd1a61b0ad44445e7f6,100890.82792871787
0xe37c1c8030cf58818614912835d61cd03d8c40da,100857.41611018001
0x9b728c6b1656b26123790e94a7b2a6b99fa11e30,100646.21999999999
0x005b40b806112081684f78f7d35689097d6d09af,100313.0235842128
0x1a6804d99f56e76959a786b8274dec44e4881a06,100301.41682286197
0x49eee2f58a5e379471ab4ef97bb6f604e5ad047b,100274.87686182412
0x798576f0b501a8eb61d914249676e3878584b2ee,100161.46864743056
0x368ec4b07c504cc0fedf1167da01519414a6e337,100129.18062875001
0x7ec0fec794b8736ceaee0be2ad2dd37bddacc1cc,100125.0
0x5e492780bd06002c8702d9e583b5d21243e95595,100114.43371843001
0x51b0b7ab0af8ba0e689299f00a733de2f7080569,100110.52254265138
0x762a02bbe7fe9c6c2c7aab887f849150b19c6720,100073.18346456366
0x612cd0ec42376308c22fb471772639661e193710,100039.86323501
0x14fd09b12f22d1fcb0ea184ae4afafb8055a9bef,100035.47890899
0x2fcbebf551102fd76dbd4f81051bbdabac5ad095,100009.51252823001
0xef1bd5a2969b4c3c8febf83a9805541059480eae,100000.08047685926
0x36ffb4a83d6db2050976741f4d70457737a3b8da,99999.99999999999
0x21c2eef20632159cdee425d3d6c504022daf6eba,99999.99999999999
0x3ed2dc2f7b063ba933fa8aaeabecdf6583ac335d,99999.99999999999
0xda4e3372499c71464aadcb2cb373428279dbbe8e,99999.99999999999
0x76c36ce006460c09c2ce236a0282af686844b3cd,99999.99999999999
0x21e71b5abdaf8f6a197648fdeb62c8948eaa8f5f,99999.99999999999
0x05de286d627fa09a2b1ecd9093db1ce025e75f57,99999.99799151761
0xdc8bdb80e0cf0cb9acbc61922b2004a136dcc6a0,99996.41527864001
0xe5bd171e3d44721da5446db7fd8154c798ac674c,99993.0
0xcfe7ba85d916875779f9668b606b70051901d5ca,99711.23813317131
0xbe8c3f9752ceeb67f4b487952ad4dc967c6e11d3,99418.89717776736
0x38f6d5fb32f970fe60924b282704899411126336,99098.30679317501
0xc030b717b96b83bf4ec4a075dd547614953968fd,99049.16942523963
0x382dcda80dfe68fede3d6b385271d60346e54fa9,99000.0
0xcc67717e45e9b2e33e899e70123e9305a1eb6a75,98664.53156931013
0xafb709f12a96aa8d8c96c1b685eac2cf039d2e4d,98584.58282292
0xa2dcb52f5cf34a84a2ebfb7d937f7051ae4c697b,98142.17510552183
0x3eb0510a2c0fe9a6aa367ebd455e011f912413fd,98123.25141853248
0x768a103c5671bbd759eeff3ca45ee188e23a7c19,98002.9238359949
0x4f30a3a1a6339290f297666d35b1d000680db6ee,97616.91861390344
0x8371140c8fb4a60b3de2f25a9a61f091802861be,97435.75732799633
0x404cf4692e23ca05b9cc8c2f15ff2185a2f53289,97278.55044257999
0x3b3f3ea865293f004e01c35b9e8ba80daabc8a72,97193.68933743435
0xd6c1aedf8959bd99abd8adf7ddf32c45eb220b1a,96472.84513925
0xd3098766bf4e275eeed75cd37a0bbe0ee16ebf8f,96234.5935817
0xa51f415e4ea9d8c94f08dff462b29e719737ecc1,95937.90164126542
0xd193a16754a4d2e8b0f0de36e1ca18134f4b5c51,95444.82018985902
0xddbbeba2f3e4804537433ba8317ee8601a5dfa97,95404.47597806081
0x8fb25d40add1f28016ed7cec11e099a1d109bd4e,95333.87126363043
0xcbf40d8b9e8498a42e045a7834310507118f4892,94977.57652229024
0xc9f6d73fd06b8eeb0a4e87cad407219e10f31712,94927.09740974578
0x2cdaabc788448f24b7a0b91d5bcc9ede7f27f3c8,94735.63355197813
0x2ad0fb45590be993f529d6365540bba3e9ecbac0,94604.07989699999
0x4c83a7f819a5c37d64b4c5a2f8238ea082fa1f4e,94190.4551232211
0xff471c00552feb011a38547337ff2c9759aff86c,93920.60469004839
0x4a761c67db38e5b1cff7b1b96155d2bf84d3e83a,93899.77585641018
0x24e721d9b2f5ccc5b5188a5b3fe246b034d90881,93738.65689999999
0x1d4548d09022e298f53b46cd68a3c6a16830371e,93588.05700555541
0x8b69bc92db67f7966d3d52a4193d1caeb89d6635,93565.96646782059
0x3c6c53556f126cb62206bcb4dd3f12ffde112614,93347.96508000001
0x7ee91b06a6d683e7104eab65474d2d6db37814cd,93293.16
0x2cc47d69b51277734d82120b855275bf4642af11,93279.06439294781
0x9be353a221c4f3762092f44896054bd071b1481d,92825.31702112984
0x61c4476a41c2d9b3683258ecbe08abf29a34dc3e,92613.51454230108
0x405237f3b039be62692bffce30badf965f7f5e39,92144.32606883856
0x208ce130edc88e4a72fb4b7633cca199f54ac093,92121.6159638
0xec32dc1f06d04a9bbb5fdc84118075ef0840c1b2,91569.1275785953
0xc814db50d7543d0f4aa8d8e5cedcf4a40f8dc7f9,91517.2481566264
0x7641d6f27dfd771daa164b9dc9aa13a8ebe41ce1,91238.26961587131
0x7d2aecaa79779986e15af7e25ab6633170e78794,91146.69652850826
0x49033518f957f90292db61ec5bf9a8f59344ef65,90864.5309
0xe6af29998f3915dc8c01501bdf2438f66053090b,90199.77160000001
0x2e10fdc942948eabfb48538df2535e94f85a8c5b,90127.72744298
0xc44481910ad7b82cd8ef8929f12586044cc88863,90097.65629781343
0x958bc7f87992791e89a5cfe764ff5541f6329642,90095.28093739596
0x66db5a3eeaeec550e6420f6d577379c14c72d759,90044.81665181
0xb235205e1096e0ad221fb7621a2e2cbab875be75,90044.2897028846
0x799f07d06b80779397b952e279bf516ac5d9aa23,90012.57801973073
0x4964a844b07b43c3f932a21ceb0a5eee2b679245,90000.0
0x117147b27711a740fd615d7f886cab8e648174b6,89967.2
0x4a09c768c61681849c31a1602fd9ea79b8a85b30,89894.0
0xe57193103a43a3f94ffa1345038ecc0fe294c959,89880.1
0xf7cb40bcb20b92f328457123db1bb23f0bdb77af,89345.698
0x889dfe07caa0baf3814ddcd1b933d208d9913b5e,89222.16736788541
0x01641ef08e524ecc3df1be33068a2c06266260dd,89125.1410536
0xd7efcbb86efdd9e8de014dafa5944aae36e817e4,88715.80910133792
0x9fbf47cba57527a93f97f5bd4af0375b6896f5cb,88578.25703985755
0x6cc8dcbca746a6e4fdefb98e1d0df903b107fd21,88294.87472075176
0x8e2ea20e1e9e0b56f69de7de2ed93102debe19ab,88000.0
0xa03400e098f4421b34a3a44a1b4e571419517687,87994.56924890802
0xb0b3c8d9e4ca7c46d24d8007f518a2a280491624,87715.0097
0xf06e58322bb5c9f1a747aebb143be6eb18b5a366,87659.748
0xde7adbb368c2616df8c5c0e986933bee8f660add,87656.4616
0x29065a4c1f2f20d1e263930088890d6f49fe715a,87448.64
0x1e5afd706de64b69d6435d1c00de42be05411fbd,87386.77799495666
0xf235aed70299ed0b8fc3f9a886032f5aabf60338,87342.0674063098
0x5632cf9a1b4ac936a3c6d3d66eb75c0344c61c2d,87197.79604412292
0x1ca5aa5b1dd8d948bb0971a5fb1762fe172e0040,87153.7386648935
0x9a1a9768164a2195b666e8bcc522df62e0239351,87115.53994431758
0x7b53136f90aa5996db990f4ef01ef6a59f2ef1cd,86955.00271951
0x4bd5d115208e0b88906f8af12f6314bb62c2becf,86741.48805803999
0x38b78904a6b44f63eb81d98937fc6614870cfbb9,86582.81154237202
0x3fbaf22bcdb6f5f938f0fed0d96d5feeebf915d0,86527.74764815357
0xbaa555868421193b5e86bf1842d58fed36fa95e0,86433.30055070999
0x5dc8961a514c48998005b07773df40a3df49fa87,86368.60592370534
0x03b665d2bdcdd060548ed50a071ed32cc95db760,86136.38090005789
0x5c9625e46e78d81ada39f1953387c2165fb20459,86096.39878728102
0x221c7c5a448c87f6834818f255d28e5a8124c4a1,86019.48447591873
0x9999f5fa7c56eabf937c06cd8f6c0c9d526cf934,85826.20900573285
0x4591fd0c3160cdbfef4caf804df3e45da23af56a,85797.57836587999
0x27f6576e79d4ca65be732f9abdc186a9ce0bf644,85575.61057710432
0x4a2631d090e8b40bbde245e687bf09e5e534a239,85331.0469972216
0x7697f96ddd48826529256886b6d4c07605d16486,85177.16811784044
0x913131bd195509b4707360909a2b68457e0ddb30,85057.12256439
0xecaeb8a9219f0e2e810be6791053ae5807683263,85005.09896738268
0x1f37f8fb6d3e550ff781aa6c8e76cb4fe44ed0f2,84552.99361921217
0x7e2b5b1d296f67e90fe64a9589d3009be0dd105c,84217.701
0xbedfa3e446485df7cd14d5fdc2baf54dbf848731,83844.7932029017
0x56237a86e1794672a5e436a4defcee6e643d3a06,83827.03439999999
0xcc0b4fb77e21894120699e6d198ca611b082766d,83682.76354884471
0x74a46f75591e6d2940372fd6f06d2b5c8e3dc6ed,83673.63933721001
0xd6f82502f20647dd8d78dffb6ad7f8d8193d5e29,83312.4142735877
0x6790a94e20065dde883ea2224fe08ad865673a5a,83125.90696472256
0xb40b36c52a1cbaf2fc69c47231d01c122b8e5cd4,82798.70311490947
0x1a1a7bd06022d50ebd1793f69597ec0cde5fff95,82628.60073610334
0xbfac3f48592dd524e4e65ea5adcf4feb0a7e5bd8,82568.22916458
0xc77a25e041b8a97847fe6aa71e373893a05c1bfd,82368.91370600266
0x01ae292549e4c8728d9231c64cb72f17760c6e0c,82128.38577197999
0x051c42ee7a529410a10e5ec11b9e9b8ba7cbb795,82031.88352776687
0x52ee153e6b751c0b6c45bf2075f4f07a4dd61da4,81884.35225638504
0x5f5a9903c4e030597a956634adf7e7aed2040e78,81748.77764136999
0x6228fe94d88bda1493d7aa5c604df6073ef9ef14,81705.22215705436
0xa145bd8c9e421d332718a4c416cbe4016b8992dd,81681.9629
0x02e2151d4f351881017abdf2dd2b51150841d5b3,81500.93043222306
0x78ade9904cbcac9058ea8f986a10c0c5b53e1530,81139.02959475313
0x2c9b2906e2f3a8bcc4437d1955948bd659ad02e4,80300.54000000001
0x6a60e086280a59322ca027a78bc61d50b80d1376,80055.81488874901
0x8a0b25bd3a652c8cd547f866381ebf8109b7ced5,80000.6713273
0xdb886bf718fbf354eb4202b03ad13b1cafb01276,79792.3041905325
0x153c303776298a568c5c327a6eaa55b25b958a49,79734.99999999999
0xd00486207705f54f4bac843769d0f6d12a4bf9d4,79733.35887357
0x0bd1a237d678f661505e65b190b1b6fbbbeb28c6,79540.054413962
0x64e376b91b80c5b9d6f64325b743ef34cfd3d936,78828.90884527726
0x384d8bf5d3dfda17f0caa2038693cbdb594630af,78804.29930592925
0x5d7db8c4ad55dfba9a831d6b4c5853c72f0bfe2f,78371.44284527158
0x2325bc729e3cbd64b64d40bb1dc979aa002b9baf,78265.58162931
0x1d6a018f6261868ffc4d12a5706953c355536dbf,78071.94925883868
0x980ece2f8f53b680457190238f398834dee80cdd,77937.09462744999
0x9e2d9c3c14e291ab911e98de2cc0a5c4676f8719,77700.00000000001
0x96b07539d541c5dbd8128ec6b55444b8e9c45f2b,77096.10844194
0xdbfa6187c79f4fe4cda20609e75760c5aae88e52,77017.60536496298
0xd0a4d9dc734a2c6b1db9fc43da26376b64ea287f,77001.99999818364
0x85ac80c32bb039a34d8c96822020239201292153,76649.87887399999
0x4b9ee6051bd8f4b8955ad0dcee74f5b6edf26e8c,76470.19718953999
0x9bfd1b6d508f85357cbb040c81cc0002a3a1a66c,76227.67445947
0xf27afad0142393e4b3e5510abc5fe3743ad669cb,75769.9222714147
0xe0f1a74b6f340d1dfefe4b0268f04b23cc665f27,75724.64000565099
0x8e299c62eed737a5d5a53539df37b5356a27b07d,75569.51456793876
0x817e65c992f777aabcab1e906304d80e05fdd78a,75461.21823594
0x5231e31c3ca39dd94ff56becb662ea50bc4da7d1,75405.45647227106
0xaf12fc91ac7de12e1c811af5ae91b64647713a21,75320.22940584972
0x4f228f64de2f80f4d5aa10b3ee7173741b09885a,75116.94178437436
0x95bba841a970171896850187a3a5f5abb24b18e9,75046.06959674999
0xab5686785a1466dc0f19c3df0a3d9b1ec6edce99,74994.25173
0x26598e3e511adfadefd70ab2c3475ff741741104,74880.86539423467
0xceb69f6342ece283b2f5c9088ff249b5d0ae66ea,74742.31448915253
0x7fc1b3bc96ef0d1c63f48504743e6c013bde0324,74670.4789503816
0x4f9a0f637b33b0d35135cda5782797617afef00e,74314.74462339195
0xb505396b3e6504532481f2ac6a2e78a561902bc8,74187.337925
0xc7fd4be143620ef3caf9e4904ddb9821e2da1916,74182.24979999999
0x29881c290741baf0da95c98894229d7530db44de,74131.5235
0xb149a95cd0e4caff35d1703528ba1baba05ae835,73444.40558922681
0xfb2e1227a48c100073e476e92001239afd09598e,73409.03280931168
0xbd88b66170366130e0972dd964017975ea79228f,73272.39985426
0x3cd4d67777aeeaa18ae967d0c4adb88ae7a74326,73201.7921153566
0x678f748d7a3ebf8600f5556b56f10aed62bcc221,73030.9234
0x88701860d0b0ec7c1d1a8641a02f7607bb85c138,72881.57496775
0xfa717b210e59d2e859af856f67f5f27034081fe0,72849.91533
0x85c07d77708c45c615c8720901dd11a6e08eeb57,72789.16623785916
0x465ec07c893b0e7766e15d507c8392591bc3e53d,72639.2582196
0x58b704065b7aff3ed351052f8560019e05925023,72585.7887746009
0x3ef3a5e85d92da3879e30e8dfc1d9f8a9d103938,72501.94508744856
0xdba2cba9f62cf1ef07b3664ee1da3663c86c38d0,72389.41381726356
0x7deb055643d8954bbba09582107e71c8ee55de40,72283.0
0x89264782481ea7632e6e6501f3776f7dd0338733,72272.95349319
0xcb4a0c0f4311c980c58eaf50717a7739480e0659,72083.83513797219
0xd43144b0418f3a7e4b45ae58737ae50d59887bc9,72042.18377902538
0x46340b20830761efd32832a74d7169b29feb9758,71858.08409825388
0xac36b910f4a3859580e4f2507c84e461b00e32b0,71727.90853109
0xc9f5296eb3ac266c94568d790b6e91eba7d76a11,71389.54907161095
0xf24b73a328df29cdde804acf605b8722ad5030da,71343.6658577537
0x8b934b0c65adc12ed685ff0154578235c800180b,71310.78980542193
0xc4a61a87893ca17186bf70194f9605e4e40cccd1,71177.10576247964
0x29cbd90d67c170843dfbd0424514cb24dd324ef6,71148.97309320749
0xe38a7135ebd99efc41ce8a36d2b105bbd9c8528d,71040.27385587
0x1f87ee1e1e73fcf1daede163b3f40eeed9db7ebe,70999.30397048764
0x6a2ec1e07558eddb770420c49dfcef3effecf890,70746.61762656001
0x73523761dbbd581c4c5239921c07c85b66dc3a2f,70467.77574114388
0x12cb8e4b48af75fc033defcc5f99c8429a8384f4,70415.89457275
0x7da6f9fc881183dd847a305b37fd6b4b179139ad,70381.80694477106
0x35b70bdc6ac8e90f5805fd8825886385ec80098e,70213.42225999347
0x3043df6f2ec6cb0bd5d716d5e1c6159c4871df29,70152.29099595416
0xed954beeaffe507be7d587e8286b8469faae2ffb,70149.96853275
0x485708448658057afe2d2b4e834ae906ecc9bc16,70020.0
0xf44b5ff3fd36e71be4d7399c8053011ca1c62731,70000.0
0x5720114ed1acb579b2962abc886cd64e1a2d6222,70000.0
0xfff026d1f0bb8d999a90902010f7b4fd849486a8,69990.0
0xada9d00cdbd1dc48bfb54fc55618f26103b4c79c,69692.62
0x76f3c332cf889bf57c7477b2cb47b6ea136ec870,69555.43001337
0xcd30dea18a81b446e631df8196fa75f315361bbd,69375.75361247
0xba8a8d4e5a269130ba85c4854f482f7d4a717578,69375.75019328001
0xd78aa6f4f14ba51f0d38fa14640c77b3a0c33423,69067.1802
0x78cc52e2f89c5471014778a68b983571f7622a8a,69034.4155680663
0x4824a6a575a709ecd2918edc3fb4a4feeb426c2e,68896.750309909
0xe4abce76005ebb6aa129144557d1f3862d9017d4,68679.13585514168
0x68e400d058d4c0066344d1b3f392878e993b38ab,68532.49487848229
0x793fe109cf23fa45ca80681834b91fe221c97184,68449.46306670224
0xb6cad910eb912ef13a030b682bf77aa8f781da60,68240.85622050965
0x19f3c877ea278e61fe1304770dbe5d78521792d2,68227.27965345913
0xd5ad83dd3528d9fea1f3c0c45431ed3d6f6e69ac,67989.3
0x97f5dc07628365f20384109c44648cf9e84b6275,67966.3418337
0x151240b694554d53e6d4ddf0765daf16df4532a1,67961.08888703
0x98c3d3183c4b8a650614ad179a1a98be0a8d6b8e,67922.92733533974
0x4bb90d56f8f94493e7d4e00230888086c84cc5f1,67910.40907195
0x26dd27efbfdbc818c8f75e2e797481136f5134f5,67500.3446595004
0xfe721d2c8bd126346691dccd382797a674a1ed0e,67399.26390654966
0x807cf9a772d5a3f9cefbc1192e939d62f0d9bd38,67380.89928410808
0x6455327f820edd69c4cd665b995e0fec679d7f9e,67259.0
0x3b27da2147e82df01af28243e67a684794ce0268,67133.65218566125
0x8380c6c816add3f03b4c8ee456baba4f122b5279,67056.5077709812
0xc09796718f49a9759c535c6b9c23bc76b1b1323d,67012.6872
0x38a4131a0fbfefee4b24ce66590f7ce23366b789,66906.24749026237
0xb51074da03c55e79e3526cf6bbf31873443efc63,66887.54632393514
0xeefd41ded6573294e11462b0b4d806fe4704fbfd,66825.9129
0xcd02dd916306fda76117243cec7edb78620aa729,66559.71114162529
0x3a272221e648903ae5a4f5f5e3e36e97a68be1e2,66220.55220240378
0x5cff1c05d662dfc37b671e1c81965f7525ef360a,66099.74852662784
0x831a4fed6f784554f0eecbdb067de478df904c35,65965.54751714
0x000000000dfde7deaf24138722987c9a6991e2d4,65422.13066804597
0x1389388d01708118b497f59521f6943be2541bb7,65411.517262427726
0x74898e7e6002a47edaa2dab168ef75ef30179011,65341.0608160063
0x240805151f121b1ca877241bc1143c16f4a53cc5,65158.21528053
0xe1f9c8ebbc80a013caf0940fdd1a8554d763b9cf,65029.66495377937
0x32c31a8b01b29c8bd81b3f54ba1d1b5b2cd35116,64848.90827485
0x02e3181302d67e44398e8a8e0695f4529d3b117b,64782.00121617476
0x009be316baa2b43c7cd77bc4a1d15cdf534cb7ca,64761.485926615
0x33c3774f307896509ee5342b175d341f6393599a,64734.94880457354
0x30ce6571aa06414e59e20bde753294f31604bd8b,64686.33556074465
0x8117ba06cf642b163c3930c9ea5924a1bc1e6678,64628.819122689994
0xd6a062cae6123c158768a5c444ca0896cc60d6b1,64503.11131
0x08b322640f094e7453940fedf5f8500a311937c4,64423.27856326
0x442e773ffb0043551417d5a37e10c17990fb075c,64197.92990272743
0xe26acd332dab8c64b70dc95da74b07a5265f3387,64174.4
0x7cf4fcfd2e0daa7817f9a76d7ca317023f2a7631,64122.88871767
0xdb861e302ef7b7578a448e951aede06302936c28,64116.33419566
0x3382607d00cfb668abab80d8ee781a2720cbc9ea,64103.19760004738
0x7d9e91a8a47eb553cbfd323e7633c0c213327124,64078.756275
0x07e70690e5e49d7a1cf5b94823f524a4647f9287,64000.41994013274
0x7376ffcfa41435178330e00d68eee9c5fd8068eb,63990.8027353824
0xf3456cb9eec304ba8f3eb68457af0ac53c5a37d9,63985.0
0xf63f5fcc54f5fd11f3c098053f330e032e4d9259,63866.31178570654
0x8f4afe45b096e80bcd83ade18bcb8c977263f0eb,63790.769364
0x8088f65bb17d9e72f86bdd7a0768d0dba4dd008e,63670.76210888
0x6eebb24cae198bc2ee42b95057bac8c81da34e4c,63668.43467382521
0x6e910b81bfa97f36ea2826ac4d99bd2dbb921192,63499.0
0x34152f57e2351ee9c6d3fb38b89a30b578b83b7e,63336.149
0x39e8c22adad9481226bf4fa66e61ac25cc2cbe46,63292.60612169
0xc5f9aaf44e1507f815519b9d73ec90d261a2d06f,63265.166987419114
0x2ab364f5ad424b41a8025857f089c89f089032af,63233.424442084826
0x80e6c4918ce508c08f7e4298f64464044cf79db7,63220.53978407999
0x91746d6f9df58b9807a5bb0e54e4ea86600c2dba,63144.66050572673
0x9f5e6af744a137c9fefeedfb6b706b0640a57673,63053.57733010034
0xc27f6fe4e9acb940119f3cdd784706aef55f2ec7,62980.09067723
0x5d92df50a7ec398f49e78e0a33293dc8a18854bf,62950.17754212
0xa0f64e2e299fe5cdf281fb1d41d49475bc85890b,62806.718304
0xdcf7d6ed7647704feca3e13f6dc7d77119003ea4,62684.36817562
0xa012704ad5eb6fbf8950741b32cd53eae6c91821,62604.80720122
0xd247c57c425a31f1ecd2b2a532a7e17c0cc97b6c,62484.531187
0x963bacce3d61bb922d9c62f10d045c23f911cc99,62375.49961429479
0x68ac5f59c5df8cf58b75cab294fdd776b09ec7b9,62306.10165596
0x15b7011bde1c5836c67f16e6e03033c272156193,62300.30007830942
0x0f9f197902b43a09fb5989cdcc1b58227d3c9d7d,61697.04656008665
0x26e5888faf4b4a63e98ffca27d47d4fed603f89c,61566.5283243097
0xd4995b7719a1ddef78aa273a1bb59d595bfe235d,61337.70422074
0xc521e49549b2623f39153740516f285ca49362f8,61164.86541276
0xaa79a48235b4136bf4ff68e1abff0e8553e536c1,61109.75299999
0x6decd32f5a2ab9b43bc6ad8923eb6d2395de145b,60954.448959320005
0x1312926b749c2dc3e8ffd49e142aff382fe7f291,60947.0
0x57f5f45f5376447bcfb8719e1a03388d21c4af55,60934.098771943114
0xced92811d17ffd2c10d3e893e2fb73bc20956503,60849.1874081
0x94c21d0d89a9484a02583bc1d2c44fdf9a650021,60810.401086829996
0x221697cd665c5e412c84a90dcb931a8b4afe5c42,60759.07456263453
0x11a416891c5d7a2066164a6edc3bc3b478f47720,60601.87911415831
0xddaa2e07f49346b27e7d93941d43989badd13fff,60504.46269100794
0x362c86923630e0e8b6f3008541726e7911e939b4,60140.6591
0x5559c791e270b4c5f6ab24bde93e3827be0bd2d6,60120.55343734989
0xba20996529d2722c4d9d800a7b20e96a0a235336,60057.00861185953
0xfbe6a332cabee96b3f2e19ba8a55a6643d929270,60000.3490608029
0xa8b4b283f7465825c6ea2368f15ffc4ec9f4b2e0,59994.07
0xc2dc8e3c426eac79fc047a95d3daa91e3b24ac4f,59922.784100000004
0x7a9e2cbd42f4aa39aa4ca512ccf8986c6a6f73c0,59772.854131370004
0xc7e36bc2f80543b6c244b147606f9501da6c6561,59756.12248176061
0xefb9bdb4bdfa3f2d7d7efafe62a85affcd7e33a1,59754.812832075106
0xc83a1bb26dc153c009d5baad9855fe90cf5a1529,59703.17617257765
0x139b75b6136d2e0ca0d449578adf2d494935c9dd,59701.08326945029
0x997e5fb895834a51f9cdac0f51a863c82ba78feb,59692.280000000006
0xd9c6c5d2d625f6370ce0da78da7847d3f436fb03,59628.422185233474
0x1e00f9d890a21a754b6478af5c3f672bbda2e688,59617.61020300084
0x5f40bd96befe755533a1756f2c87aa864b2aae55,59611.889909569996
0x3484eff6347c1e1f47a9b8ab25dfaf89418f3025,59318.2690323605
0xe947fe5a9d5a2d2691fea7784237a3014d67bc62,58914.01069
0x67be8ce27ef8158d51d8593bb5b26eafacc955d9,58683.271821621434
0xe82591bf353812f60e4a20d1c1c76ea5783b586b,58636.67893404001
0x131a45a8920fe58a61705b5f9970800d09408fe7,58580.251072184066
0x9132a2d6b932bdd120bdf6c74c2f26502c5807f1,58528.232273817055
0xf80354c93ca62d344d409551826150bf4120734c,58443.84079699593
0xa4cbe661ac2305960d6495572d3e10c87d2a2c92,58201.89202223483
0x61deeebdfea2dc4e22cde8c6f519c58298f7f703,58047.40558656
0x68d3a973e7272eb388022a5c6518d9b2a2e66fbf,57813.35607183608
0xe0dbbcf08a5465db7c7401c86cce89030e11ab67,57306.82179884743
0xbe94d6b687c7de47c48fd433b6563b0ee3c0ea72,57270.055526806085
0x60c8506195df031b71acee372a9323c61439abcd,57264.69078193668
0xdaee0f096143b7fa8135dd783a271a3b8d027d23,57165.68840088502
0x1f7f0a8dc4671c98d2b307c92659ad57c9e5d91d,56927.629816
0x3620f10c13b2b6f9110918b35edb9fbf62e3208f,56697.565599999994
0x0e72594bf00b6595f2b6dc25e4c3ba9740bca06b,56650.27394359
0xa346bd80943aa3042e6709d80ce9c3b8fbeac4ab,56435.46413958991
0x6337814f9d2ab10f53e65e6ccc16310e61cf8584,56398.04931312347
0xe0acba317c9f22cdd43f0861e754fa0e48d46a3c,56351.56416219001
0xd495a5acbd7168151aee36a74a26a2208287207f,56158.0638
0x961c936ed3322f3c8680dc9f66031147ef9b5e68,56137.82788973843
0xd533a949740bb3306d119cc777fa900ba034cd52,56010.120445988476
0xf435f94c6e2ad8e251b3e52920ee0046cea597f8,55962.05101880817
0x213657bccc5cf8b74455d110c11d5a8ed6241dec,55786.83093305466
0xd8c8edf5e23a4f69aee60747294482e941dcbea0,55778.03721189204
0xa9c063e5f0903f5aaf6ae05d70c5772106bf684f,55746.387599999995
0xee858abf75b9775dce932594fe262f45c5050808,55714.29806143999
0xa6d98f5594fb606bf65dc9f4fb1aa13f235a3915,55666.0
0x308ae1cc2d9745aae9cb70d3d2295bb081bf4db9,55439.46337857
0x42f10c0d80d674292395d1bef9315499b7e4f161,55282.68211359431
0x35364e841c8df23eea507ca9d80d43185fe8b209,55185.19797356862
0x35a8737adf10cc393cd15c2ed6a701fa70b084b3,55150.21038009816
0x93bfec69ce2e2b59834558016165758e7892be59,55101.2778
0x3a68f546e9dfa7bfde624c456b25d44e0fbb9aef,55050.97752054072
0x2570baf8d84939b4a88d0aa1772255bfdc4e5497,55012.5401820175
0xf36531fed871bf8f51884f31d9895347115dfc41,54994.49999999999
0x5ec758f79b96ae74e7f1ba9583009afb3fc8eacb,54942.13798014315
0xd1b2f7e6433efafad2c5ec4222b2f7b8be80cb5d,54709.939000000006
0x86bd17c3273da487f074d762f49d3977fb7f8e15,54652.33722707639
0x78b44842ca07cfec807eaea74cbffa532bacd6a3,54631.9233
0x0f0f569b2891bf4593dd666dfb5287af82ed6660,54504.390971700006
0x9a093392953d8515e8be7e897a17f03dcb6420cc,54426.42768717466
0x3dc3a4cc59e2330815a3936dfae60b4b2b9255ee,54382.5172203648
0xe754854877e18f241d9aebbec54f10cfdd29aa98,54281.725256334925
0xf5b7687c0cfd29637b34ca6f6a53ce843409e8b8,54228.88585913
0xb900ef131301b307db5efcbed9dbb50a3e209b2e,54074.255480798456
0xce1589b7848a6976d398d4f8b42bfdb65b66626d,54057.05725319017
0xd3f817312cc7361fb8bc47b4963b0f544b2cfa8f,54046.13122716183
0xc926ddba8b7617dbc65712f20cf8e1b58b8598d3,53947.733764468234
0xaab366d16e0f753ea7e71127d0e01f1a788a5c1d,53593.50701214758
0x3dcb6126aa4475c88eb9250fbb08395be252e88d,53430.15570734211
0x7e4497f6d58a5df8e1f348b70ecd320d5250bdfe,53399.49279315
0xf28a96107cf2db70bf184c665a99782072aa13be,53314.94592973784
0x0e04cab2146752790f9d4a7d68806d0531f967ca,52943.62558798906
0x7bff33aa8ff2d00348e3fde7cc6ac7bef92e26d5,52907.35616987
0xf02aeeb5f7abec3d4efeb87810b93fd8fd2d7a97,52793.39523429951
0x9657b21b4ed0883fef1e9725db8f9c43ad43bdf0,52777.767199999995
0x9667ded8cc7e9dd98fa83254e6dbe8f52724012b,52656.108055669996
0x3495ba767da3ee6e9b5bc52da8c2aea80e66809c,52595.145789999995
0x48fe56b756ef2717d1db4050ef648ad4b72f55b9,52362.878043986006
0xaac0c7bdab6335a925cfc9c181c1ae176b8866d7,52217.53063322316
0xb918ded0708c18daa0feb470f5edcc7df675fc79,52083.90027193488
0x7d42bf24f22ed0fb0a0473a504817ac5c44f51fb,51971.50555334257
